Product,Coupon_Used,TransactionCount
*MISC. LOBBY ITEMS,no,4
ACNE MEDICATIONS,no,1412
ACNE MEDICATIONS,yes,2
ACTIVITY,no,2
ADULT ANALGESICS,no,7745
ADULT ANALGESICS,yes,9
ADULT CEREAL,no,25951
ADULT CEREAL,yes,49
ADULT INCONTINENCE BRIEFS,no,231
ADULT INCONTINENCE GUARDS,no,8
ADULT INCONTINENCE MISC PRODUC,no,370
ADULT INCONTINENCE PADS,no,411
ADULT INCONTINENCE UNDERGARMEN,no,679
ADULT INCONTINENCE UNDERGARMEN,yes,1
ADULT PREMIUM,no,3045
ADULT PREMIUM,yes,7
AEROSOL DEODORANTS,no,880
AEROSOL TOPPINGS,no,4695
AEROSOL TOPPINGS,yes,2
AIR CARE - AEROSOLS,no,246
AIR CARE - AEROSOLS,yes,2
AIR CARE - CANDLES,no,209
AIR CARE - CONTINUOUS - NON EL,no,311
AIR CARE - CONTINUOUS ACTION,no,499
AIR CARE - CONTINUOUS ACTION,yes,3
AIR CARE - DISINFECTANT SPRAYS,no,175
AIR CARE - SANITIZERS,no,68
ALKALINE BATTERIES,no,122
ALKALINE BATTERIES,yes,1
ALL FABRIC DRY BLEACH,no,17
ALL FABRIC LIQUID BLEACH,no,159
ALL FABRIC LIQUID BLEACH,yes,1
ALL FAMILY CEREAL,no,37268
ALL FAMILY CEREAL,yes,43
ALL PURPOSE CLEANERS,no,24
ALMAY,no,650
ALMAY,yes,2
ALMONDS SHELLED,no,1279
ALMONDS SHELLED,yes,2
ALTERNATIVE LITTER,no,222
ALUMINUM FOIL,no,1073
ALUMINUM FOIL,yes,1
ANGUS,no,7060
ANGUS,yes,12
ANGUS BEEF,no,1433
ANGUS BEEF,yes,4
ANTI-ACIDS,no,5771
ANTI-ACIDS,yes,6
ANTIPERSPIRANTS ONLY (AEROSOL),no,1188
ANTIPERSPIRANTS ONLY (ALL OTHE,no,6627
ANTIPERSPIRANTS ONLY (ALL OTHE,yes,3
APPLE JUICE & CIDER (50% AND U,no,96
APPLE JUICE & CIDER (OVER 50%,no,867
APPLE SAUCE,no,1749
APPLE SAUCE,yes,3
APPLE SAUCE/PUDDING,no,29
APPLE SAUCE/PUDDING,yes,1
APPLES BRAEBURN (BULK&BAG),no,1071
APPLES BRAEBURN (BULK&BAG),yes,2
APPLES FUJI (BULK&BAG),no,2043
APPLES FUJI (BULK&BAG),yes,3
APPLES GALA (BULK&BAG),no,9907
APPLES GALA (BULK&BAG),yes,19
APPLES GOLD DELICIOUS (BULK&BA,no,5289
APPLES GOLD DELICIOUS (BULK&BA,yes,6
APPLES GRANNY SMITH (BULK&BAG),no,5398
APPLES GRANNY SMITH (BULK&BAG),yes,4
APPLES OTHER (BULK&BAG),no,4487
APPLES OTHER (BULK&BAG),yes,4
APPLES RED DELICIOUS (BULK&BAG,no,6903
APPLES RED DELICIOUS (BULK&BAG,yes,4
APPLES WEDGE/SLICES,no,1067
APPLES WEDGE/SLICES,yes,5
APPLICATORS,no,504
APRICOTS,no,306
APS,no,1
AQUARIUM NEEDS,no,292
ARRANGEMENTS (NON-ROSE),no,3
ART SUPPLIES,no,4
ASEPTIC PACK JUICE AND DRINKS,no,5072
ASEPTIC PACK JUICE AND DRINKS,yes,7
ASPARAGUS,no,2848
ASPARAGUS,yes,2
AUTHENTIC THAI FOODS,no,128
AUTO DISH DETERGENT - GEL,no,648
AUTO DISH DETERGENT - GEL,yes,1
AUTO DISH DETERGENT - MONODOSE,no,552
AUTO DISH DETERGENT - MONODOSE,yes,1
AUTOMATIC DISHWASHER DETERGENT,no,435
AVOCADO,no,3199
AVOCADO,yes,1
BABY ANTIBIOTIC OINTMENTS & CR,no,377
BABY BASIC INF-TODD BEDDING,no,6
BABY BASIC INFANT ACC TOYS,no,12
BABY BASICS,no,72
BABY CREAMS & OINTMENTS,no,320
BABY DIAPERS,no,15114
BABY DIAPERS,yes,28
BABY FOOD,no,553
BABY FOOD,yes,3
BABY FOOD - BEGINNER,no,42431
BABY FOOD - BEGINNER,yes,33
BABY FOOD CEREALS,no,2553
BABY FOOD JUNIOR ALL BRANDS,no,18050
BABY FOOD JUNIOR ALL BRANDS,yes,22
BABY ISOTONIC DRINKS,no,742
BABY ISOTONIC DRINKS,yes,1
BABY JUICES,no,3695
BABY JUICES,yes,1
BABY LOTIONS & OILS,no,901
BABY LOTIONS & OILS,yes,2
BABY POWDERS,no,324
BABY SOAPS,no,1694
BABY SOAPS,yes,5
BABY SOFT GOODS CLOTH DIAPR,no,10
BABY SPRING WATERS,no,780
BABY TOYS,no,306
BABY TOYS,yes,1
BABY WIPES,no,5387
BABY WIPES,yes,4
BACON - BELLY/JOWL,no,882
BAGELS,no,234
BAGGED CHEESE SNACKS,no,251
BAGGED CHEESE SNACKS,yes,1
BAKING COCOA,no,3
BAKING NUTS,no,6
BALLOONS 18IN PKG LICENSED,no,78
BALLOONS 18IN PKG NON LICENSED,no,364
BALLOONS 18IN SEASONAL LICENSE,no,3
BALLOONS METALLIC 18IN,no,3
BALLOONS SHAPES/OTHER,no,577
BANANAS,no,91044
BANANAS,yes,56
BANDAGE/TAPE,no,2203
BANDAGE/TAPE,yes,1
BAR SOAP,no,16810
BAR SOAP,yes,9
BATH & BODY THERAPIES,no,64
BATH ACCENTS,no,1
BATH ACCESSORIES,no,758
BATH BEADS,no,22
BATH BUBBLES-BATH SOAPS-ADDITI,no,574
BATH BUBBLES-BATH SOAPS-ADDITI,yes,1
BATH CANDLES,no,2
BATH KITS,no,10
BATH OILS,no,34
BATH SPONGES/ACCESSORIES,no,73
BATH SPONGES/ACCESSORIES,yes,1
BATHROOM CLEANERS - GENERAL,no,612
BATHROOM CLEANERS - SPECIALTY,no,80
BATHROOM CLEANERS - SPECIALTY,yes,1
BATTERIES,no,19
BATTERIES,yes,1
BBQ SAUCE,no,1439
BBQ SAUCE,yes,5
BEANS,no,4241
BEANS,yes,6
BEANS GREEN: FS/WHL/CUT,no,1792
BEDDING ACCESSORIES,no,78
BEDDINGS BLANKETS,no,2
BEEF,no,3
BEEF - FULLY COOKED,no,2234
BEEF - FULLY COOKED,yes,1
BERRIES CND (BLUBLKRASP),no,12
BETTER FOR YOU,no,9332
BETTER FOR YOU,yes,1
BINDERS & PORTFOLIOS,no,4
BIRD FEEDERS&MISC WILD BIRD,no,8
BITS & MORSELS,no,2606
BITS & MORSELS,yes,10
BLACKBERRIES,no,1135
BLACKBERRIES,yes,1
BLENDED JUICE&COMBINATIONS (50,no,26
BLENDED JUICE&COMBINATIONS (OV,no,3441
BLENDED JUICE&COMBINATIONS (OV,yes,18
BLENDS,no,25104
BLENDS,yes,27
BLUEBERRIES,no,5282
BLUEBERRIES,yes,4
BOBBY PINS AND ACCESSORIES,no,350
BODY FANTASY,no,6
BODY WASH,no,8562
BODY WASH,yes,15
BOLOGNA,no,19893
BOLOGNA,yes,12
BONNE BELL,no,196
BOUQUET (NON ROSE) ALL OTYHER,no,255
BOUQUET EVERYDAY MUSICAL,no,705
BOUQUETS (NON-ROSE),no,18
BOXED PREPARED/ENTREE/DRY PREP,no,58
BREAD:ITALIAN/FRENCH,no,151
BREAD:ITALIAN/FRENCH,yes,1
BREAD:SAVORY/SPECIALTY,no,472
BREAD:SAVORY/SPECIALTY,yes,2
BREAD:TORTILLAS/PITA,no,200
BREADED - CHICKEN,no,156
BREADINGS  COATINGS CRUMBS,no,2
BREAKFAST BARS/TARTS/SCONES,no,73
BREAST - BONE-IN,no,26
BREAST - BONE-IN (FRZ),no,57
BREAST - BONE-IN (IQF),no,3
BREAST - BONELESS,no,396
BREAST - BONELESS(IQF),no,11401
BREAST - BONELESS(IQF),yes,6
BRISKET,no,39
BROCCO-FLOWER,no,93
BROCCO-FLOWER,yes,1
BROCCOLI WHOLE&CROWNS,no,8000
BROCCOLI WHOLE&CROWNS,yes,10
BROCCOLI/CAULIFLOWER PROCESSED,no,669
BROCCOLI/CAULIFLOWER PROCESSED,yes,1
BROTH,no,1847
BROTHS,no,68
BROWNIE MIX,no,1162
BROWNIE MIX,yes,3
BRSKT/BRST/BLY - WH/HALF,no,45
BRUSHES,no,390
BULB SETS,no,15
BUNCHES 10 STEMS AND UP (OTHER,no,3
BUNCHES 2-4 STEM (OTHER),no,198
BUNCHES 5-9 STEM (OTHER),no,30
BURRITOS,no,6838
BURRITOS,yes,1
BUTTER,no,13457
BUTTER,yes,9
BUTTER SPRAY CRACKER (RITZ/CLU,no,8904
BUTTER SPRAY CRACKER (RITZ/CLU,yes,12
BUTTERMILK,no,2882
BUTTERMILK,yes,1
BUTTS,no,1517
BUTTS,yes,1
CABBAGE,no,6920
CABBAGE,yes,10
CAKES: CHEESECAKE,no,19
CAKES: CHEESECAKE,yes,1
CAKES: ICE CREAM,no,466
CALGON,no,106
CALLA LILY,no,33
CAN CATFD GOURMET/SUP PREM (GR,no,14179
CAN CATFD GOURMET/SUP PREM (GR,yes,28
CAN DOG FOOD (SKIPPY/PEDIGREE/,no,11059
CAN DOG FOOD (SKIPPY/PEDIGREE/,yes,16
CAN DOG FOOD RATION (TRIX/VETS,no,146
CAN DOGFD GOURMET/SUPER PREM (,no,5910
CAN DOGFD GOURMET/SUPER PREM (,yes,6
CAN/BTL BEVERAGE,no,2
CANDY,no,54
CANDY & BREATH MINTS (PKGD) (N,no,47
CANDY BAGS-CHOCOCLATE,no,871
CANDY BAGS-CHOCOCLATE,yes,3
CANDY BAGS-CHOCOCLATE W/FLOUR,no,37
CANDY BARS (MULTI PACK),no,351
CANDY/CHOCOLATE,no,1
CANISTER POTATO/TORT CHIPS,no,798
CANNED CAT FOOD (9 LIVES/FRISK,no,18728
CANNED CAT FOOD (9 LIVES/FRISK,yes,5
CANNED CAT FOOD RATION (ECONOM,no,219
CANNED MILK,no,539
CANNING JARSLIDSUTENSILSMIS,no,5
CANNING SPICESSALSAPICKLING,no,5
CANNING SUPPLIES/PICKLING MIX,no,12
CANNING SUPPLIES/PICKLING MIX,yes,2
CANOLA OILS,no,1674
CANS SOUP/CHILI,no,77
CANTALOUPE WHOLE,no,5616
CANTALOUPE WHOLE,yes,8
CAPSULE/TABLET NUTRITION PRODU,no,36
CARAMEL COATED SNACKS,no,46
CARBONATED WATER - FLVRD UNSWE,no,34
CARBONATED WATER - UNFLAVORED,no,60
CARDS EVERYDAY,no,6445
CARDS SEASONAL,no,2314
CARDS SEASONAL,yes,3
CARNATIONS,no,76
CARROTS,no,95
CARROTS - BULK,no,2132
CARROTS - BULK,yes,2
CARROTS BAGGED,no,4763
CARROTS BAGGED,yes,4
CARROTS MINI PEELED,no,23500
CARROTS MINI PEELED,yes,24
CARROTS SLICED/SHRED/STICKS,no,934
CARROTS SLICED/SHRED/STICKS,yes,2
CAT TREATS,no,2197
CAT TREATS,yes,3
CATSUP,no,1417
CATSUP,yes,1
CAULIFLOWER WHOLE,no,4050
CAULIFLOWER WHOLE,yes,6
CB (NON ROSE)LILY,no,151
CELERY,no,11058
CELERY,yes,22
CELERY CHOPPED/STICKS,no,450
CELLULAR ACCESSORIES,no,7
CEREAL - COLD,no,457
CEREAL - COLD,yes,2
CEREAL - HOT,no,21
CEREAL - HOT,yes,2
CEREAL BARS,no,2886
CEREAL BARS,yes,6
CHARCOAL,no,251
CHEESE,no,288
CHEESE CRACKERS (CHEEZ-ITS/GOL,no,76
CHEESE: NATURAL PREPORTND,no,923
CHEESE: NATURAL PREPORTND,yes,3
CHEESE:CHEESEBALLS/SPREADS,no,1180
CHEESE:CHEESEBALLS/SPREADS,yes,4
CHEESE:PROCESSED PREPORTND,no,38
CHEESE:SPECIALTY PREPACK,no,330
CHEESE:SPECIALTY PREPACK,yes,1
CHERRIES (EXCEPT MARASCHINO),no,3
CHERRIES (EXCEPT MARASCHINO),yes,1
CHERRIES RANIER,no,410
CHERRIES RED,no,1777
CHERRIES RED,yes,1
CHEWING GUM,no,1840
CHEWING GUM,yes,1
CHICKEN,no,51
CHICKEN BREAST BONE IN,no,9163
CHICKEN BREAST BONE IN,yes,10
CHICKEN BREAST BONELESS,no,24050
CHICKEN BREAST BONELESS,yes,18
CHICKEN DRUMS,no,6017
CHICKEN DRUMS,yes,3
CHICKEN LEGS/QUARTERS,no,342
CHICKEN THIGHS,no,4015
CHICKEN THIGHS,yes,1
CHICKEN WINGS,no,3627
CHICKEN WINGS,yes,1
CHICKEN-FULLY COOKED,no,3592
CHICKEN-FULLY COOKED,yes,2
CHILDREN S ACTIVITY,no,51
CHILDREN S MUSICAL INSTRUMENTS,no,2
CHILI SAUCE COCKTAIL SAUCE,no,62
CHILI: CANNED,no,397
CHIX: BAKED 8PC CUT UP (COLD),no,28
CHIX: BAKED 8PC CUT UP (HOT),no,470
CHOCOLATE COVERED COOKIES,no,2085
CHOCOLATE COVERED COOKIES,yes,15
CHOCOLATE MILK,no,25531
CHOCOLATE MILK,yes,8
CHOCOLATE SYRUP,no,30
CHOICE BEEF,no,30907
CHOICE BEEF,yes,27
CHRISTMAS GREENS/WREATHS,no,28
CHUCK/SHLDR - ROAST,no,3
CHUCK/SHLDR - STK/CHP/SLC,no,321
CHUCK/SHOULDER,no,299
CHUNK MEATS - ALL,no,18
CIDER,no,1793
CIDER,yes,2
CITRUS - OTHER,no,66
CLEANING WIPES,no,524
CLEANSING WIPES,no,331
CLEANSING WIPES,yes,1
CLEMENTINES,no,2365
CLEMENTINES,yes,2
CLOSET ACCESSORIES,no,24
COCKTAIL MIXES-FRZ,no,414
COCKTAILS,no,2628
COCKTAILS,yes,3
COCONUT,no,58
COLD AND FLU,no,3143
COLD AND FLU,yes,3
COLD AND FLU (AGE RESTRICTED),no,169
COLD AND FLU - DXM,no,2964
COLD AND FLU - DXM,yes,1
COLD AND FLU - PSE,no,1391
COLESLAW,no,2671
COLESLAW,yes,4
COLLARS AND LEADS,no,286
COLLEGIATE,no,2
COLOR SETS,no,206
CONDENSED SOUP,no,6596
CONDENSED SOUP,yes,3
CONDIMENTS/SUPPLIES,no,1472
CONDIMENTS/SUPPLIES,yes,1
CONES,no,4016
CONES,yes,5
CONSUMER BUNCH (NON-ROSE),no,609
CONVALESCENT CARE - CANES,no,6
CONVENTIONAL LITTER,no,2574
CONVENTIONAL LITTER,yes,2
COOKED,no,462
COOKIES/SWEET GOODS,no,27
COOKIES/SWEET GOODS,yes,1
COOKIES: REGULAR,no,207
COOKING BAGS,no,238
COOKING BAGS,yes,1
COOKING CHOCOLATE (EX SMI-SWT),no,100
COOKING OIL: PEANUT SAFFLOWER,no,67
COOKING OIL: PEANUT SAFFLOWER,yes,1
COOKING SPRAYS,no,240
CORN,no,1258
CORN BI-COLOR,no,46
CORN DOGS,no,4927
CORN DOGS,yes,2
CORN FRESH PACKAGED,no,1101
CORN WHITE,no,1178
CORN YELLOW,no,5406
CORN YELLOW,yes,3
CORNED BEEF,no,327
CORNISH HEN,no,591
CORPORATE DELETES (DO NOT USE,no,5
CORSAGES/BOUTONNIERES,no,54
COSMETIC BAGS,no,4
COTTAGE CHEESE,no,34418
COTTAGE CHEESE,yes,30
COTTON COTTON SWABS,no,1399
COTTON COTTON SWABS,yes,1
COTY FRAGRANCES,no,12
COUGH SYRP/LOZNG-DRP/XPCTRNT,no,3170
COUGH SYRP/LOZNG-DRP/XPCTRNT,yes,1
COUPONS/STORE & MFG,no,920
COUPONS/STORE & MFG,yes,3
COVERGIRL,no,3934
COVERGIRL,yes,9
CRACKERS,no,36
CRAFT BASICS,no,1
CRANAPPLE CRAN GRAPE JUICE (5,no,813
CRANAPPLE CRAN GRAPE JUICE (5,yes,5
CRANAPPLE CRAN GRAPE JUICE (O,no,485
CRANAPPLE CRAN GRAPE JUICE (O,yes,1
CRANBERRIES,no,393
CRANBERRIES,yes,3
CRANBERRY JUICE (50% AND UNDER,no,814
CRANBERRY JUICE (50% AND UNDER,yes,2
CRANBERRY JUICE (OVER 50% JCE),no,338
CRAZY DAISIES,no,267
CREAM CHEESE,no,30212
CREAM CHEESE,yes,28
CROUTONS,no,1513
CROUTONS,yes,2
CRV DEPOSIT NT/F,no,2
CUBED MEATS,no,2976
CUBED MEATS,yes,3
CUCUMBERS,no,12311
CUCUMBERS,yes,11
CUPS/PUSH UPS/OTHER,no,1947
CUT FRUIT ALL OTHER,no,663
CUT VEGETABLES ALL OTHER,no,3768
CUT VEGETABLES ALL OTHER,yes,3
DAFFODILS,no,18
DAIRY CASE 100% PURE JUICE - O,no,96289
DAIRY CASE 100% PURE JUICE - O,yes,64
DAIRY CASE 100% PURE JUICE OTH,no,6499
DAIRY CASE 100% PURE JUICE OTH,yes,3
DAIRY CASE CITRUS PNCH/OJ SUBS,no,5569
DAIRY CASE CITRUS PNCH/OJ SUBS,yes,4
DAIRY CASE FRUIT DRINKS (NO JU,no,10827
DAIRY CASE JUICE DRNK UNDER 10,no,17461
DAIRY CASE JUICE DRNK UNDER 10,yes,4
DAIRY CASE TEA NO SUGAR OR SWE,no,3
DAIRY CASE TEA WITH SUGAR OR S,no,5967
DAIRY CHEESE,no,2
DANDRUFF-MEDICATED SHAMPOOS,no,1421
DANDRUFF-MEDICATED SHAMPOOS,yes,3
DATES,no,59
DATES,yes,1
DECAF BEAN: FLAVORED,no,8
DECAF BEAN: REGULAR,no,1
DECOR,no,129
DELI TRAY:CHICKEN,no,2
DELI TRAY:FRUIT AND VEGETABLE,no,22
DELI TRAY:MEAT AND CHEESE,no,188
DELI TRAY:MEAT AND CHEESE,yes,1
DELI TRAY:SANDWICHES,no,16
DELUXE 25 STEMS & UP,no,62
DENTAL FLOSS AND IMPLEMENTS,no,1496
DENTAL FLOSS AND IMPLEMENTS,yes,2
DENTURE ADHESIVES,no,433
DENTURE CLEANSERS,no,452
DESIGNER FRAGRANCES,no,164
DESIGNER PAPER: MEDIUM WEIGHT,no,1981
DESIGNER PAPER: MEDIUM WEIGHT,yes,10
DIET CNTRL BARS NUTRITIONAL,no,2297
DIET CNTRL LIQS NUTRITIONAL,no,2360
DIET CNTRL LIQS NUTRITIONAL,yes,3
DIET CNTRL LIQS SUPPLEMENT,no,2
DIET CNTRL POWDERS NUTRITIONAL,no,146
DIET CONTROL TABLETS/CAPSULE,no,282
DIET PILLS/SUPPLEMENTS,no,2
DIET/NUTRITION VITAMIN (ADULT,no,22
DIPILATORIES,no,266
DIPS,no,4692
DIPS,yes,3
DIPS (NON-REFRIGERATED),no,2283
DIPS (NON-REFRIGERATED),yes,7
DISH GARDENS,no,104
DISPOSABLE FD STORAGE CONTAINR,no,1482
DISPOSABLE FD STORAGE CONTAINR,yes,4
DOG & CAT ACCESSORIES,no,458
DOG & CAT CHEMICALS,no,656
DOG & CAT TOYS,no,874
DOG BISCUITS (HARD BISCUIT),no,2919
DOG BISCUITS (HARD BISCUIT),yes,4
DOG TREATS (SOFT TREATS),no,4419
DOG TREATS (SOFT TREATS),yes,4
DOMESTIC BIRD FOOD/NEEDS,no,146
DOOR CHARMS,no,6
DRESSINGS,no,5095
DRESSINGS,yes,6
DRIED FLOWERS,no,35
DRIED FRUIT,no,63
DRIED FRUIT - OTHER,no,4646
DRIED FRUIT - OTHER,yes,8
DRIED PLUMS,no,609
DRUMS,no,9
DRUMS (FRZ),no,18
DRUMS (IQF),no,591
DRY,no,2324
DRY,yes,5
DRY & SPRAY STARCH,no,300
DRY CAT FOOD (CAT CHOW/FRISKIE,no,5399
DRY CAT FOOD (CAT CHOW/FRISKIE,yes,6
DRY CAT FOOD ECONOMY (COST CUT,no,1274
DRY CAT FOOD SUP PREM (ONE/NUT,no,1648
DRY CAT FOOD SUP PREM (ONE/NUT,yes,1
DRY DOG ECONOMY (COST CUTTER/F,no,498
DRY DOG FOOD PREMIUM (ALPO/PUR,no,5054
DRY DOG FOOD PREMIUM (ALPO/PUR,yes,5
DRY DOG FOOD SUPER PREM (ONE/N,no,2117
DRY DOG FOOD SUPER PREM (ONE/N,yes,6
DRY DOG VALUE (PET PRIDE/KLR/G,no,1262
DRY ROAST NUTS,no,646
DRY ROAST NUTS,yes,3
DRY SOUP,no,2249
DUCK,no,4
DUCKS,no,9
EAR CARE,no,154
EARTH THERAPEUTICS,no,6
EASTER LILY,no,3
ECONOMY,no,12511
ECONOMY,yes,12
ECONOMY - BEEF,no,459
ECONOMY - MEAT,no,12054
ECONOMY - MEAT,yes,9
EGG NOG/BOILED CUSTARD,no,2844
EGG NOG/BOILED CUSTARD,yes,5
EGGS,no,553
EGGS - JUMBO,no,2817
EGGS - LARGE,no,60139
EGGS - LARGE,yes,23
EGGS - MEDIUM,no,11146
EGGS - MEDIUM,yes,2
EGGS - X-LARGE,no,47823
EGGS - X-LARGE,yes,24
EGGS SUBSTITUTE,no,3903
EGGS SUBSTITUTE,yes,6
ELSTC BNDGES SUPRT HOSE,no,332
ENERGY DRINK,no,125
ENERGY DRINK,yes,1
ENHANCED,no,19750
ENHANCED,yes,30
ENHANCED FLOWER DISPLAY,no,381
ENHANCEMENTS & POTCOVERS,no,301
ENTREES,no,12202
ENTREES,yes,1
ETHNIC HAIR CARE,no,684
ETHNIC SHAVE PRODUCTS,no,22
ETHNIC SKIN CARE,no,14
EVERYDAY MEDIUM,no,102
EVERYDAY SMALL,no,39
EXTERNAL,no,532
EXTERNAL,yes,1
EXTERNAL FRESH,no,228
EYE CARE ACCESSORIES,no,88
EYE CENTER,no,78
FABRIC REFRESHERS/DRY CLEAN,no,18
FABRIC SOFTENER LIQUID,no,4506
FABRIC SOFTENER LIQUID,yes,3
FABRIC SOFTENER SHEETS,no,2770
FACE MAKE UP AND TREATMENT,no,16
FACIAL CREAMS,no,807
FACIAL LOTIONS,no,467
FACIAL LOTIONS,yes,2
FACIAL MOISTURIZERS,no,596
FACIAL MOISTURIZERS,yes,2
FACIAL SOAPS-SCRUBS-MASKS,no,2587
FACIAL SOAPS-SCRUBS-MASKS,yes,2
FACIAL TISSUE & PAPER HANDKE,no,4566
FACIAL TISSUE & PAPER HANDKE,yes,4
FEEDING ACCESSORIES BOTTLES,no,2127
FEEDING ACCESSORIES BOTTLES,yes,3
FEM HYGN DOUCHES,no,416
FEM YEAST TREATMENTS,no,316
FEM. HYGN. DEODORANTS,no,58
FEM. HYGN. TAMPONS,no,4343
FEM. HYGN. TAMPONS,yes,3
FEM. HYGN.NAPKINS,no,10854
FEM. HYGN.NAPKINS,yes,22
FEMALE CONTRACEPTIVES,no,281
FILLERS,no,52
FIREWOOD,no,92
FIRST AID MEDICATIONS,no,1178
FIRST AID MEDICATIONS,yes,2
FIRSTAID TAPES/COTTON/GLOVES,no,171
FIRSTAID TAPES/COTTON/GLOVES,yes,1
FITNESS&DIET - BARS,no,1175
FITNESS&DIET - BARS,yes,6
FITNESS&DIET-LIQ NTRTNL,no,22
FLANK,no,609
FLATS,no,354
FLAVORED BEAN COFFEE,no,252
FLAVORED/OTHER,no,2612
FLAVORED/OTHER,yes,2
FLEA/TICK COLLAR,no,278
FLNK/PLT/SHNK - STK/CHP/SLC,no,249
FLNK/PLT/SHNK - WH/HALF,no,147
FLOOR - DILUTABLES,no,79
FLOOR - HARD SURFACE,no,8
FLORAL - ALL OTHERS,no,21
FLORAL ACCESSORIES - GIFT,no,10
FLORAL ACCESSORIES-OTHER,no,4
FLORAL DEPT KEY RING,no,262
FLOUR: MISC SPECIALTY BLEND,no,21
FLOUR: WHITE & SELF RISING,no,1338
FLOUR: WHITE & SELF RISING,yes,1
FLOWER SEEDS,no,88
FLOWERING PLANTS (5IN & DOWN),no,178
FLOWERING PLANTS (5IN & DOWN),yes,1
FLUID MILK,no,895
FLUID MILK,yes,2
FLUID MILK WHITE ONLY,no,198130
FLUID MILK WHITE ONLY,yes,69
FOAM PLATES,no,212
FOLIAGE HANGING BASKETS,no,63
FOLIAGE PLANTS (5IN & DOWN),no,12
FOLIAGE PLANTS (6IN TO 10IN),no,37
FOLIAGE PLANTS-OTHER,no,75
FOOD STORAGE BAGS,no,940
FOOD STORAGE BAGS,yes,1
FOOD-MAGAZINE,no,44
FOOT CARE - MEDICATED CORN/CAL,no,294
FOOT CARE - SHOE INSOLE/PADS,no,403
FOOT SPRAYS POWDERS,no,484
FRAGRANCED BATH PRODUCTS,no,176
FREEZER BAGS,no,826
FRESH,no,7453
FRESH,yes,9
FRESH CUT OTHERS (NON-ROSE),no,3
FRESH HAMS,no,18
FRESH MINERAL,no,8
FRESH-BETTER FOR YOU,no,9
FROSTING,no,4428
FROSTING,yes,6
FROZEN BREAD,no,277
FROZEN BREAKFAST,no,600
FROZEN BURGERS,no,333
FROZEN CAKES/ALL TYPES INCLUDI,no,3372
FROZEN CAKES/ALL TYPES INCLUDI,yes,1
FROZEN CONVENIENCE/POCKETS,no,858
FROZEN CREAM PIES,no,2986
FROZEN CREAM PIES,yes,5
FROZEN DESSERT (ICE CREAM CAKE,no,49
FROZEN ENTREES,no,1584
FROZEN ENTREES,yes,2
FROZEN FRUIT,no,5522
FROZEN FRUIT,yes,7
FROZEN FRUIT PIES  & COBBLERS,no,5488
FROZEN FRUIT PIES  & COBBLERS,yes,8
FROZEN ICE CREAM,no,207
FROZEN MEAL COMBO/DINNERS,no,376
FROZEN MEAL COMBO/DINNERS,yes,2
FROZEN MEAT,no,83
FROZEN MEAT (VEGETARIAN),no,1342
FROZEN MISC,no,84
FROZEN PACKAGE MEAT,no,423
FROZEN PACKAGE MEAT,yes,2
FROZEN PASTA,no,2291
FROZEN PASTA,yes,4
FROZEN PIZZA,no,671
FROZEN SIDE DISH (MAC&CHS),no,153
FROZEN VEGETABLES,no,1370
FRUIT BASKETS,no,52
FRUIT BOWL AND CUPS,no,6574
FRUIT BOWL AND CUPS,yes,10
FRUIT COCKTAIL FRUIT SALAD,no,1896
FRUIT COCKTAIL FRUIT SALAD,yes,1
FRUIT DRINKS: CANNED & GLASS (,no,3
FRUIT FILLED COOKIES,no,132
FRUIT GLAZES,no,786
FRUIT PARTY TRAY,no,108
FRUIT SNACKS,no,4341
FRUIT SNACKS,yes,14
FRZN BAGELS,no,3761
FRZN BAGELS,yes,5
FRZN BAGGED VEGETABLES - PLAIN,no,77732
FRZN BAGGED VEGETABLES - PLAIN,yes,42
FRZN BAGGED VEGETABLES- VALUE,no,10147
FRZN BAGGED VEGETABLES- VALUE,yes,16
FRZN BAKED/STUFFED/MASHED&SPEC,no,1804
FRZN BAKED/STUFFED/MASHED&SPEC,yes,2
FRZN BISCUITS,no,2765
FRZN BISCUITS,yes,8
FRZN BOXED VEGETABLES - PLAIN,no,6680
FRZN BOXED VEGETABLES - PLAIN,yes,4
FRZN BOXED VEGETABLES- VALUE A,no,19795
FRZN BOXED VEGETABLES- VALUE A,yes,28
FRZN BRD OTHER,no,704
FRZN BRD OTHER,yes,1
FRZN BRD STICK/PORTON,no,19723
FRZN BRD STICK/PORTON,yes,28
FRZN BRD WHOLE FILLETS,no,4165
FRZN BRD WHOLE FILLETS,yes,7
FRZN BREAD DOUGH,no,729
FRZN BREAD DOUGH,yes,2
FRZN BREADED PREPARED CHICK,no,27672
FRZN BREADED PREPARED CHICK,yes,32
FRZN BREADED VEGETABLES,no,702
FRZN BREAKFAST ENTREES/SANDWIC,no,15720
FRZN BREAKFAST ENTREES/SANDWIC,yes,17
FRZN BREAKFAST PASTRY,no,6706
FRZN BREAKFAST PASTRY,yes,5
FRZN BURGERS/BBQ/MEATBALL,no,3591
FRZN BURGERS/BBQ/MEATBALL,yes,1
FRZN CONC ALLIEDS OVER 50% JUI,no,1922
FRZN CONC UNDER 50% JUICE,no,3866
FRZN CONC UNDER 50% JUICE,yes,1
FRZN CORN ON THE COB,no,2668
FRZN CORN ON THE COB,yes,1
FRZN DINNER ROLLS,no,3783
FRZN EGG SUBSTITUTES,no,63
FRZN FRENCH FRIES,no,29757
FRZN FRENCH FRIES,yes,17
FRZN GARLIC BREAD/TOAST/STICKS,no,35990
FRZN GARLIC BREAD/TOAST/STICKS,yes,34
FRZN GRILLED PORTIONS,no,1532
FRZN GRILLED PORTIONS,yes,3
FRZN HASHBROWN POTATOES,no,6429
FRZN HASHBROWN POTATOES,yes,4
FRZN MEAT ALTERNATIVES,no,7256
FRZN MEAT ALTERNATIVES,yes,21
FRZN MISC SEAFOOD,no,889
FRZN MULTI SERVE ENTREES ALL,no,24823
FRZN MULTI SERVE ENTREES ALL,yes,25
FRZN NON-DAIRY CREAMERS,no,189
FRZN OJ&OJ SUBSTITUTES (OVER 5,no,2384
FRZN OJ&OJ SUBSTITUTES (OVER 5,yes,1
FRZN PASTRY&COOKIES,no,1030
FRZN PASTRY&COOKIES,yes,1
FRZN PIE SHELLS PASTRY SHELL,no,2526
FRZN PIE SHELLS PASTRY SHELL,yes,2
FRZN REGIONAL/OTHER,no,240
FRZN SS PREMIUM ENTREES/DNRS/N,no,69233
FRZN SS PREMIUM ENTREES/DNRS/N,yes,139
FRZN SS PREMIUM ENTREES/DNRS/T,no,46313
FRZN SS PREMIUM ENTREES/DNRS/T,yes,46
FRZN SWEET ROLLS&MUFFINS,no,108
FRZN TATER TOTS/OTHER EXTRUDED,no,7409
FRZN TATER TOTS/OTHER EXTRUDED,yes,7
FRZN WHIPPED TOPPING,no,24707
FRZN WHIPPED TOPPING,yes,29
FTD SERVICE CHARGES,no,6
FURNITURE,no,99
GARBAGE KITCHEN COMPACTOR BA,no,3545
GARBAGE KITCHEN COMPACTOR BA,yes,3
GARDEN PLUS,no,12711
GARDEN PLUS,yes,10
GARLAND,no,9
GARLIC JAR,no,1358
GARLIC WHOLE CLOVES,no,4869
GARLIC WHOLE CLOVES,yes,4
GELATIN,no,517
GELATIN,yes,2
GENERAL EYE CARE,no,777
GERBS,no,30
GIFT BASKETS (NO FOOD),no,12
GIFT BASKETS BEER,no,18
GIFT BASKETS W/FOOD,no,9
GIFT ITEMS,no,23
GLASS BAKEWARE,no,15
GLASS CLEANERS,no,913
GLASS CLEANERS,yes,4
GLAZED FRUITS,no,66
GOURMET CHIPS (TERRA),no,47
GRAHAM CRACKERS,no,2067
GRAHAM CRACKERS,yes,1
GRANOLA,no,12
GRANOLA BARS,no,5363
GRANOLA BARS,yes,2
GRAPE JUICE (OVER 50% JUICE),no,5618
GRAPE JUICE (OVER 50% JUICE),yes,36
GRAPEFRUIT,no,3062
GRAPEFRUIT JUICE (50% AND UNDE,no,155
GRAPEFRUIT JUICE (OVER 50% JUI,no,110
GRAPES BLACK/BLUE,no,1540
GRAPES OTHER,no,49
GRAPES RED,no,16743
GRAPES RED,yes,13
GRAPES WHITE,no,9098
GRAPES WHITE,yes,11
GRASS/SHRED,no,9
GRATED CHEESE,no,4364
GRATED CHEESE,yes,3
GRAVY CAN/GLASS,no,1601
GRAVY CAN/GLASS,yes,1
GREEN OLIVES,no,21
GREEN ONIONS,no,237
GREEN ONIONS,yes,1
GREENS,no,4444
GREENS,yes,1
GRINDS,no,33
GRND/PATTY - BEEF,no,1092
GRND/PATTY - BEEF(EW),no,9
GRND/PATTY - CHUCK,no,1128
GRND/PATTY - CHUCK(EW),no,9
GRND/PATTY - FROZEN,no,7989
GRND/PATTY - FROZEN,yes,6
GRND/PATTY - ROUND,no,432
GRND/PATTY - SIRLOIN (90%+),no,510
GROOMING COMBS THERMOMETER,no,33
GROUND CHICKEN,no,550
GROUND CHICKEN,yes,2
GROUND COFFEE,no,1904
GROUND COFFEE,yes,9
GROUND DECAFFINATED,no,88
GROUND FLVR DECAF COFFEE,no,20
GROUND FLVR REG COFFEE,no,134
GROUND PORK,no,850
GROUND PORK,yes,2
GROUND TURKEY,no,3353
GROUND TURKEY,yes,1
GUM (PACKAGED),no,305
GUM (PACKAGED),yes,6
HAIR BARRETTES TAILERS,no,1206
HAIR COLOR AND DEVELOPERS,no,2910
HAIR COLOR AND DEVELOPERS,yes,2
HAIR COMBS AND BRUSHES,no,702
HAIR CONDITIONERS AND RINSES,no,16502
HAIR CONDITIONERS AND RINSES,yes,12
HAIR DRYERS STYLERS SETTER,no,258
HAIR NETS AND CAPS,no,34
HAIR PERMANENTS AND RELAXERS,no,16
HAIR ROLLERS,no,48
HAIR SETS AND GELS,no,5251
HAIR SETS AND GELS,yes,7
HAM,no,19373
HAM,yes,13
HAM - BONE-IN HALF/PORT,no,153
HAM - BONE-IN WHOLE,no,51
HAM - BONELESS HALF/PORT,no,33
HAM - BONELESS WHOLE,no,108
HAM - SPIRAL,no,173
HAM - STEAKS/SLICES/CUBES,no,569
HAM STEAKS/CUBES/SLICES,no,1014
HAM- NET WEIGHT,no,2155
HAM- NET WEIGHT,yes,2
HAMBURGER BUNS,no,5556
HAMBURGER BUNS,yes,5
HAMS-CANNED,no,24
HAMS-DRY CURED/COUNTRY,no,171
HAMS-HALF/PORT BONE-IN,no,678
HAMS-HALF/PORT BONELESS,no,930
HAMS-SPIRAL,no,426
HAMS-WHOLE BONE-IN,no,369
HAMS-WHOLE BONELESS,no,1319
HAMS-WHOLE BONELESS,yes,1
HAND AND BODY CREAM,no,425
HAND AND BODY LOTIONS,no,3822
HAND AND BODY LOTIONS,yes,7
HAND/BODY/FACIAL (MEDICATED),no,303
HANGING BASKETS (BLOOMING),no,360
HAPPY,no,6
HARD GOODS ALL OTHER,no,8
HARD SQUASH,no,1466
HARDBACK/TRADE BEST SELLER,no,1
HARDY MUMS,no,3
HEAD LETTUCE,no,21298
HEAD LETTUCE,yes,18
HEALING GARDEN,no,126
HEMORRHOIDAL,no,224
HERBS AND EDIBLES,no,54
HERBS BASIL,no,312
HERBS CILANTO,no,1665
HERBS CILANTO,yes,1
HERBS DRIED,no,147
HERBS FRESH OTHER,no,569
HERBS PARSLEY,no,1356
HERBS PARSLEY,yes,1
HISPANIC CHEESE,no,14
HOLIDAY ARRANGEMENTS,no,36
HOME DECOR,no,30
HONEY/SYRUP,no,68
HONEYDEW WHOLE,no,855
HOSE END FERTILIZERS,no,14
HOT CHOCOLATE COCOA MIX,no,846
HOT CHOCOLATE COCOA MIX,yes,5
HOT DOG BUNS,no,5101
HOT DOG BUNS,yes,7
HOT DOGS-BEEF,no,6
HOT MUSTARD/SPECIALTY MUSTAR,no,4
HOT/COLD COMPRESS PACKS,no,347
HOT/COLD COMPRESS PACKS,yes,1
HYDRANGEAS,no,9
HYDROCORTIZONE,no,764
ICE - CRUSHED/CUBED,no,5601
ICE CREAM SANDWICHES,no,6808
ICE CREAM SANDWICHES,yes,3
ICE CREAM TOPPINGS,no,495
IMPLEMENTS SETS,no,1343
IN STORE MADE,no,102
INDR PLANTR ACCESSORIES,no,4
INFANT FORMULA MILK BASE,no,2688
INFANT FORMULA SOY BASE,no,1685
INFANT FORMULA SOY BASE,yes,1
INFANT FORMULA SPECIALTY,no,1220
INFANT FORMULA SPECIALTY,yes,2
INFANT FORMULA TODDLER,no,604
INFANT WEAR,no,12
INFANTS DRESSES RTW,no,2
INSTANT DECAFFINATED,no,15
INSTANT OATMEAL,no,5664
INSTANT OATMEAL,yes,6
INSTORE CUT FRUIT,no,11653
INSTORE CUT FRUIT,yes,2
INSTORE CUT VEGETABLES,no,1981
INSTORE CUT VEGETABLES,yes,4
INTERNAL,no,1260
INTERNAL FRESH,no,9
ISOTONIC DRINKS MULTI-SERVE,no,1755
ISOTONIC DRINKS MULTI-SERVE,yes,2
ISOTONIC DRINKS POWDERED,no,147
ISOTONIC DRINKS SINGLE SERVE,no,16415
ISOTONIC DRINKS SINGLE SERVE,yes,19
IWS SINGLE CHEESE,no,30809
IWS SINGLE CHEESE,yes,7
JARRED FRUIT,no,576
JELLY,no,3973
JELLY,yes,8
JUICE,no,4402
JUICE (UNDER 10% JUICE),no,80
JUMBO SHRUBS,no,18
KABOBS,no,486
KABOBS BEEF,no,111
KABOBS PORK,no,368
KABOBS PORK,yes,2
KABOBS POULTRY,no,96
KETCHUP/MUSTARD/BBQ SCE/MARINA,no,28
KIDS CEREAL,no,42496
KIDS CEREAL,yes,49
KITCHEN & BATHROOM DISPENSER C,no,61
KITCHEN & MULTI-PURPOSE CLEANE,no,402
KITCHEN & MULTI-PURPOSE CLEANE,yes,2
KITS,no,5087
KITS,yes,8
KIWI FRUIT,no,1655
KIWI FRUIT,yes,3
KOSHER FOODS,no,70
KOSHER/SPECIALTY,no,3076
KOSHER/SPECIALTY,yes,6
KRAUT & CABBAGE,no,2
LAWN & LEAF BAGS,no,108
LAXATIVES,no,2864
LAXATIVES,yes,4
LAYER CAKE MIX,no,5052
LAYER CAKE MIX,yes,8
LEAN,no,26532
LEAN,yes,15
LEMONS,no,5520
LEMONS,yes,6
LIMA BEANS,no,59
LIMES,no,3505
LIMES,yes,3
LINAMENTS,no,1486
LINAMENTS,yes,2
LINKS - COOKED,no,2206
LINKS - COOKED,yes,1
LINKS - RAW,no,8884
LINKS - RAW,yes,13
LIPCARE,no,2039
LIPCARE,yes,1
LIPCARE MEDICATED,no,222
LIQUID BLEACH,no,1311
LIQUID DISH DETERGENT,no,695
LIQUID DISH DETERGENT,yes,2
LIQUID LAUNDRY DETERGENTS,no,14277
LIQUID LAUNDRY DETERGENTS,yes,19
LIQUID NUTRITION FOR ADULTS,no,1986
LIQUID SOAP,no,4217
LIQUID SOAP,yes,5
LITTER ACCESSORIES,no,832
LOAF CHEESE,no,5824
LOAF CHEESE,yes,3
LOAVE,no,3111
LOIN,no,63
LOIN - CHOPS BONE-IN,no,1685
LOIN - CHOPS BONE-IN,yes,4
LOIN - CHOPS BONELESS,no,3708
LOIN - ROAST,no,147
LOIN - STK/CHP/SLC,no,1637
LOIN - WH/HALF,no,15
LOIN - WH/HALF BONE-IN,no,66
LOIN - WH/HALF BONELESS,no,236
LOIN - WH/HALF BONELESS,yes,1
LOREAL COSMETICS,no,976
LOREAL COSMETICS,yes,1
LUNCH COMBO,no,18882
LUNCH COMBO,yes,15
LUNCHMEAT-RW-ALL,no,3
MACARONI & CHEESE DNRS,no,7883
MACARONI & CHEESE DNRS,yes,12
MACARONI DRY,no,6556
MACARONI DRY,yes,14
MAINSTREAM,no,47347
MAINSTREAM,yes,47
MAINSTREAM WHEAT/MULTIGRAIN BR,no,2
MAINSTREAM WHITE BREAD,no,18435
MAINSTREAM WHITE BREAD,yes,5
MANDARIN ORANGES/CITRUS SECT,no,119
MANGO,no,799
MANGO,yes,1
MARGARINE  STICK,no,12173
MARGARINE  STICK,yes,4
MARGARINE: SQUEEZE,no,1112
MARGARINE: TUBS AND BOWLS,no,45223
MARGARINE: TUBS AND BOWLS,yes,51
MARINATED,no,380
MARINATED BEEF,no,3
MARINATED PORK,no,899
MARINATED PORK,yes,2
MARINATED POULTRY,no,453
MARSHMALLOW CREME,no,114
MARSHMALLOWS,no,802
MARSHMALLOWS,yes,1
MAX FACTOR,no,78
MAYBELLINE,no,2379
MEAL SOL-RAW FRTHR PREPRD MT,no,3
MEAT ADDED,no,655
MEAT DEPT KEY RINGS,no,8
MEAT SNACKS,no,232
MEAT SUPPLIES,no,1934
MEAT-MISC-MISC,no,105
MEAT-MISC-RW-ALL,no,20
MEAT-MISC-SAUCES/MARIN-DRY,no,58
MEAT: BEEF PPK/PRESLCD,no,128
MEAT: HAM PPK/PRSLC,no,239
MEAT: SAUS DRY PPK/PRSLC,no,199
MEAT: TURKEY PPK/PRESLC,no,325
MEDICAL TESTING KITS-OTC DRG/G,no,2
MEDICATED BABY POWDER,no,36
MEDICATED FIRST AID DRESSING/C,no,40
MELON HALVES/QUARTERS,no,6783
MELON HALVES/QUARTERS,yes,3
MELONS WHOLE OTHER,no,131
MENS HAIR SPRAYS/TONICS/CREAMS,no,579
MENS SKIN CARE/COLOGNE,no,789
MENS SKIN CARE/COLOGNE,yes,1
MENSTRUAL ANALGESICS,no,307
MENSTRUAL ANALGESICS,yes,1
MEXICAN BEANS REFRIED,no,241
MEXICAN DINNERS AND FOODS,no,269
MEXICAN DINNERS AND FOODS,yes,1
MEXICAN SAUCESSALSAPICANTEE,no,1333
MEXICAN SEASONING MIXES,no,96
MEXICAN TACO TOSTADO SHELLS,no,68
MEXICAN TACO TOSTADO SHELLS,yes,1
MICROWAVABLE CUPS,no,1487
MICROWAVABLE CUPS,yes,13
MICROWAVABLE SOUPS,no,576
MICROWAVABLE SOUPS,yes,1
MICROWAVE,no,265
MICROWAVE MIXES: ALL OTHER,no,126
MINI 2-5 STEMS,no,101
MINUET,no,891
MISC,no,16
MISC BAG SNACKS,no,2732
MISC BAG SNACKS,yes,13
MISC BUDGET COSMETICS,no,243
MISC CHEMICALS,no,3
MISC DAIRY REFIGERATED,no,2080
MISC DAIRY REFIGERATED,yes,3
MISC FEMININE HYGIENE MEDICATE,no,48
MISC FRAGRANCES,no,16
MISC HOLIDAYS,no,4
MISC MEAT SAUCES,no,39
MISC MEAT SAUCES,yes,1
MISC ORAL HYGN MEDICATED (DESE,no,141
MISC REFRIG DOUGH PRODUCTS,no,2907
MISC REFRIG DOUGH PRODUCTS,yes,5
MISC SALES TRANS,no,498
MISC. BABY PRODUCTS,no,189
MISC. BATH PRODUCTS,no,320
MISC. CND FRUIT (GRAPESFIGSE,no,1
MISC. DEODORANTS,no,389
MISC. ETHNIC HBC ITEMS,no,16
MISC. FACIAL PRODUCTS,no,90
MISC. FEMININE HYGIENE,no,82
MISC. FIRST AID PRODUCTS,no,739
MISC. FIRST AID PRODUCTS,yes,1
MISC. HAIR & BEAUTY ACCESS.,no,667
MISC. HAIR & BEAUTY ACCESS.,yes,1
MISC. HAIR CARE,no,59
MISC. INFANT SUPPLY,no,130
MISC. ORAL HYGN.,no,34
MISC. OTC MEDICINES,no,12
MISC. PET SUPPLIES,no,136
MISC.CND SEAFOODS (CRABETC),no,24
MISC: HERRING PICKLES HORSER,no,623
MISCELLANEOUS,no,9094
MISCELLANEOUS,yes,12
MISCELLANEOUS CANDY (INCLUDING,no,4
MISCELLANEOUS CHEESE,no,6055
MISCELLANEOUS CHEESE,yes,10
MISCELLANEOUS H & B AIDS,no,1374
MISCELLANEOUS H & B AIDS,yes,1
MISCELLANEOUS MILK,no,10645
MISCELLANEOUS MILK,yes,7
MISCELLANEOUS NON FOOD PRODUCE,no,12
MISCELLANEOUS PACKAGE MIXES,no,769
MISCELLANEOUS VEGETABLES,no,155
MIXED FRUIT BAGS,no,221
MIXED PACKS,no,24
MIXED VEGETABLES,no,47
MIXERS(TONIC WTR/CLUB SODA/GNG,no,217
MOLASSES & SYRUPS,no,831
MOUTH SORE,no,14
MOUTH SORE MEDICATED,no,244
MOUTHWASH RINSES AND SPRAYS,no,4521
MOUTHWASH RINSES AND SPRAYS,yes,11
MOUTHWASHES (ANTISEPTIC),no,10
MOUTHWASHES (ANTISEPTIC),yes,1
MUFFIN & CORN BREAD MIX,no,965
MUFFIN & CORN BREAD MIX,yes,7
MULT PK BAG SNACKS,no,68
MULTI-PACK COOKIES,no,1420
MULTI-PACK COOKIES,yes,2
MULTI-PACK CRACKERS,no,1048
MULTI-PACK CRACKERS,yes,2
MUMS,no,360
MUMS,yes,2
MUSHROOMS DRIED,no,24
MUSHROOMS OTHER,no,422
MUSHROOMS OTHER,yes,1
MUSHROOMS PORTABELLA,no,3719
MUSHROOMS PORTABELLA,yes,5
MUSHROOMS W/WHOLE PKG,no,5502
MUSHROOMS W/WHOLE PKG,yes,3
MUSHROOMS WHITE BULK,no,315
MUSHROOMS WHITE SLICED PKG,no,4891
MUSHROOMS WHITE SLICED PKG,yes,2
N/A DEOD SPRAY/GEL DEOD,no,1044
N/A DEOD SPRAY/GEL DEOD,yes,1
NAILCARE,no,828
NASAL SPRAY AND DROPS,no,755
NATURAL,no,66
NATURAL BEEF,no,5139
NATURAL BEEF,yes,6
NATURAL CHEESE EXACT WT CHUNKS,no,32578
NATURAL CHEESE EXACT WT CHUNKS,yes,10
NATURAL CHEESE EXACT WT SLICES,no,9859
NATURAL CHEESE EXACT WT SLICES,yes,7
NATURAL CHEESE RANDOM WT,no,74
NATURAL FOODS CLEANERS,no,15
NATURAL FOODS DISH,no,6
NATURAL FOODS LAUNDRY,no,10
NATURAL FOODS SNACKS,no,20
NECTARINES WHITE FLESH,no,161
NECTARINES WHITE FLESH,yes,1
NECTARINES YELLOW FLESH,no,2264
NECTARINES YELLOW FLESH,yes,2
NEOTERIC,no,4
NEW DESIGNER FRAGRANCE,no,2
NO SUBCOMMODITY DESCRIPTION,no,1611
NON DAIRY CREAMER: DRY,no,1012
NON FOOD,no,51
NON-CARB FLVRD DRNKNG/MNRL WAT,no,1755
NON-CARB FLVRD DRNKNG/MNRL WAT,yes,6
NON-CARB JCE(OVER 50% JCE),no,38
NON-CRBNTD DRNKING/MNERAL WATE,no,3779
NON-CRBNTD DRNKING/MNERAL WATE,yes,1
NON-IWS SINGLE CHEESE,no,3038
NON-IWS SINGLE CHEESE,yes,2
NON-MEATS - OTHER,no,1131
NOODLE SIDE DISH MIXES,no,18778
NOODLE SIDE DISH MIXES,yes,27
NOODLES DRY,no,4350
NOODLES DRY,yes,2
NOVELTY CANDY,no,5
NOVELTY FOLIAGE PLANTS,no,17
NUT SUPP-HOMEOPATHY,no,6
NUTS,no,137
NUTS,yes,2
NUTS INSHELL,no,438
NUTS OTHER,no,724
NUTS OTHER,yes,1
OFFALS,no,597
OLIVE OIL,no,254
OLIVE OIL,yes,1
ONIONS OTHER,no,10272
ONIONS OTHER,yes,8
ONIONS RED (BULK&BAG),no,4392
ONIONS RED (BULK&BAG),yes,7
ONIONS SWEET (BULK&BAG),no,12215
ONIONS SWEET (BULK&BAG),yes,9
ONIONS WHITE (BULK&BAG),no,7444
ONIONS WHITE (BULK&BAG),yes,1
ONIONS YELLOW (BULK&BAG),no,8801
ONIONS YELLOW (BULK&BAG),yes,9
ORAL HYGIENE BRUSHES,no,5486
ORAL HYGIENE BRUSHES,yes,7
ORAL HYGIENE PRODUCTS,no,29
ORAL HYGIENE PRODUCTS,yes,1
ORANGES NAVELS ALL,no,11443
ORANGES NAVELS ALL,yes,11
ORANGES NON NAVEL ALL,no,779
ORANGES NON NAVEL ALL,yes,1
ORGANIC,no,18
ORGANIC APPLES,no,984
ORGANIC APPLES,yes,3
ORGANIC BEEF,no,3
ORGANIC BERRIES,no,814
ORGANIC BERRIES,yes,2
ORGANIC BROCCOLI/CAULIFLOWER,no,587
ORGANIC CARROTS,no,2778
ORGANIC CARROTS,yes,3
ORGANIC CITRUS,no,283
ORGANIC CORN,no,8
ORGANIC DRIED FRUIT,no,218
ORGANIC GRAPES,no,252
ORGANIC HERBS,no,2143
ORGANIC HERBS,yes,2
ORGANIC MELONS,no,29
ORGANIC MUSHROOMS,no,120
ORGANIC NUTS,no,16
ORGANIC ONIONS,no,365
ORGANIC PEARS,no,48
ORGANIC PEPPERS ALL,no,64
ORGANIC POTATOES,no,289
ORGANIC POTATOES,yes,1
ORGANIC PROCESSED,no,58
ORGANIC SALAD MIX,no,4367
ORGANIC SQUASH,no,59
ORGANIC SQUASH,yes,1
ORGANIC STONE FRUIT,no,54
ORGANIC TOMATOES,no,343
ORGANIC TROPICAL FRUIT,no,1103
ORGANIC TROPICAL FRUIT,yes,1
ORGANIC VALUE ADDED VEGETABLES,no,126
ORGANIC VEGETABLES ALL OTHERS,no,2293
ORGANIC VEGETABLES ALL OTHERS,yes,3
ORGANIC VEGETABLES SALAD,no,999
ORIENTAL FOODS AND MEALS,no,79
ORIENTAL FOODS AND MEALS,yes,1
ORIENTAL OTHER SAUCES MARINAD,no,92
OTHER,no,2962
OTHER,yes,2
OTHER - FULLY COOKED,no,904
OTHER CITRUS JUICES (50% AND U,no,398
OTHER CITRUS JUICES (OVER 50%,no,230
OTHER CITRUS JUICES (OVER 50%,yes,2
OTHER HOT CEREAL,no,174
OTHER ITALIAN SAUCE,no,70
OUTGOING/INCOMING FTD,no,9
P S ITEMS (NON ROSE),no,8
PACKAGE DINNERS: OTHER,no,232
PACKAGED MIX,no,231
PACKAGED MIX,yes,1
PAILS,no,2418
PANCAKE MIXES,no,418
PANCAKE MIXES,yes,2
PANSIES,no,115
PANTRY,no,6
PAPAYA,no,107
PAPER LUNCH BAGS,no,154
PAPER NAPKINS,no,1037
PAPER NAPKINS,yes,1
PAPER TOWELS & HOLDERS,no,4001
PAPER TOWELS & HOLDERS,yes,10
PARFUMS DE COUER,no,28
PASTA/GRAIN SALADS - PREPACK,no,207
PASTA/RAMEN,no,84
PASTA: CANNED,no,11740
PASTA: CANNED,yes,22
PATTIES,no,6943
PATTIES,yes,8
PATTIES - COOKED,no,526
PATTIES - COOKED,yes,3
PATTIES - RAW,no,3916
PATTIES - RAW,yes,3
PEACHES,no,2374
PEACHES,yes,2
PEACHES WHITE FLESH,no,374
PEACHES YELLOW FLESH,no,5085
PEACHES YELLOW FLESH,yes,6
PEANUT BUTTER,no,6614
PEANUT BUTTER,yes,9
PEANUTS ALL,no,1538
PEANUTS ALL,yes,1
PEARS,no,1743
PEARS,yes,1
PEARS ANJOU,no,2091
PEARS ASIAN,no,159
PEARS BARTLETT,no,2448
PEARS BARTLETT,yes,10
PEARS BOSC,no,399
PEARS BOSC,yes,1
PEARS OTHER,no,59
PEAS & ONIONS PEAS & CARROT,no,2
PEAS GREEN,no,475
PECANS SHELLED,no,876
PEDIATRIC ANALGESICS,no,1467
PEDIATRIC ANALGESICS,yes,3
PEPPERONI/SALAMI,no,11612
PEPPERONI/SALAMI,yes,5
PEPPERS ALL OTHER,no,3187
PEPPERS ALL OTHER,yes,4
PEPPERS DRIED,no,2
PEPPERS GREEN BELL,no,15946
PEPPERS GREEN BELL,yes,8
PEPPERS JALAPENO,no,1458
PEPPERS OTHER BELL,no,1939
PEPPERS OTHER BELL,yes,2
PEPPERS RED BELL,no,5675
PEPPERS RED BELL,yes,5
PEPPERS SERRANO,no,920
PERRENIALS,no,3
PERSNL APPL: FT BTH/MASSGRS,no,42
PERSONAL CARE PRODUCTS - MESSA,no,2
PET TREATS,no,586
PEYTON/GM EXPENSE ITEMS,no,2
PHYSICANS FORMULA,no,22
PICKLD VEG PEPPERS ETC,no,336
PICKLE ITEMS,no,444
PICKLES,no,11626
PICKLES,yes,38
PIES: FRUIT/NUT,no,687
PILL CASES DOSAGE AIDS,no,6
PINEAPPLE,no,3072
PINEAPPLE,yes,1
PINEAPPLE JUICE (OVER 50% JUIC,no,1
PINEAPPLE WEDGE/SLICED/CHUNKS,no,102
PINEAPPLE WHOLE&PEEL/CORED,no,2698
PINEAPPLE WHOLE&PEEL/CORED,yes,4
PISTACHIOS,no,536
PISTACHIOS,yes,1
PITA/TORTILLAS,no,96
PIZZA,no,1353
PIZZA SAUCE,no,403
PIZZA SAUCE,yes,1
PIZZA/ECONOMY,no,21687
PIZZA/ECONOMY,yes,4
PIZZA/PREMIUM,no,26045
PIZZA/PREMIUM,yes,30
PIZZA/SINGLE SERVE/MICROWAVE,no,5371
PIZZA/SINGLE SERVE/MICROWAVE,yes,3
PIZZA/TRADITIONAL,no,22203
PIZZA/TRADITIONAL,yes,11
PLANT CARE & SOIL (LESS THAN 2,no,117
PLANT FOODS,no,12
PLASTIC CUPS,no,685
PLASTIC CUPS,yes,1
PLASTIC TRASH BAGS,no,1750
PLASTIC TRASH BAGS,yes,4
PLASTIC WRAP (SARANETC.),no,1218
PLASTIC WRAP (SARANETC.),yes,6
PLASTIC/HEAVY PAPER PREM PLATE,no,1458
PLASTIC/HEAVY PAPER PREM PLATE,yes,5
PLATINUM ANNUALS (OUTDOOR),no,192
PLATINUM FLOWERING PLANTS,no,30
PLATINUM FOLIAGE PLANTS,no,66
PLATINUM HARDY MUMS (OUTDOOR),no,144
PLATINUM PERENNIALS (OUTDOOR),no,42
PLSTC CTLRYTBLCLTHSTTHPKSST,no,580
PLUMS,no,4522
PLUMS,yes,1
PLUOTS,no,248
PLUSH,no,52
POINSETTA,no,81
POPCORN - MICROWAVE,no,1412
POPCORN - MICROWAVE,yes,4
POPCORN - OTHER,no,10
POPCORN - OTHER,yes,1
PORK-FULLY COOKED,no,2832
POTATO CHIPS,no,22146
POTATO CHIPS,yes,11
POTATOES GOLD (BULK&BAG),no,1653
POTATOES OTHER,no,4306
POTATOES OTHER,yes,3
POTATOES PROCESSED,no,305
POTATOES PROCESSED,yes,1
POTATOES RED (BULK&BAG),no,6473
POTATOES RED (BULK&BAG),yes,9
POTATOES RUSSET (BULK&BAG),no,29227
POTATOES RUSSET (BULK&BAG),yes,20
POTATOES SWEET&YAMS,no,6402
POTATOES SWEET&YAMS,yes,9
POTATOES WHITE,no,46
POTATOES WHITE (BULK&BAG),no,174
POTATOES: DRY,no,1572
POTTING SOILS,no,142
POULTRY,no,22179
POULTRY,yes,13
POURABLE SALAD DRESSINGS,no,9514
POURABLE SALAD DRESSINGS,yes,14
POWDER LAUNDRY DETERGENT,no,292
POWER TOOTHBRUSH/REFILLS,no,541
POWER TOOTHBRUSH/REFILLS,yes,4
PRE-COOKED,no,4654
PRE-COOKED,yes,2
PREGNANCY TEST KITS,no,343
PREMIUM,no,84586
PREMIUM,yes,120
PREMIUM - BEEF,no,4573
PREMIUM - BEEF,yes,2
PREMIUM - MEAT,no,13487
PREMIUM - MEAT,yes,14
PREMIUM 16-24 STEMS,no,193
PREMIUM ANNUALS (OUTDOOR),no,93
PREMIUM BREAD,no,315
PREMIUM BREAD,yes,1
PREMIUM COOKIES (EX: PEPPERIDG,no,1432
PREMIUM COOKIES (EX: PEPPERIDG,yes,4
PREMIUM EASTER LILY,no,36
PREMIUM FLOWERING PLANTS,no,361
PREMIUM FOLIAGE PLANTS,no,195
PREMIUM HARDY MUMS (OUTDOOR),no,179
PREMIUM HARDY MUMS (OUTDOOR),yes,1
PREMIUM MUMS,no,40
PREMIUM ORCHIDS POTTED,no,3
PREMIUM PERENNIALS (OUTDOOR),no,1611
PREMIUM PINTS,no,7543
PREMIUM PINTS,yes,1
PREMIUM POINSETTIA,no,132
PREMIUM SHRUBS,no,9
PREP FD: PIZZA (COLD),no,439
PREP FD: PIZZA (COLD),yes,3
PRESERVES JAM MARMALADE,no,4512
PRESERVES JAM MARMALADE,yes,10
PRETZELS,no,3660
PRETZELS,yes,2
PRIMAL,no,38702
PRIMAL,yes,37
PRIME BEEF,no,93
PRINT FILM,no,311
PRINT FILM,yes,1
PROCESSED OTHER,no,2455
PROCESSED SALAD,no,10
PRODUCE DEPT KEY RING,no,1389
PRODUCE DEPT KEY RING,yes,3
PRODUCE DISCONTINUED ITEMS,no,652
PRODUCE DISCONTINUED ITEMS,yes,2
PROFESSIONAL HAIR CARE,no,532
PROMOTIONAL,no,1
PROMOTIONAL BATH,no,45
PROPHYLACTICS,no,618
PUDDING&GELATIN CUPS/CANS,no,1719
PUDDING&GELATIN CUPS/CANS,yes,5
PUMPKINS,no,482
PUMPKINS NON FOOD DECORATED,no,15
QUARTS,no,1037
QUARTS,yes,2
RADISH,no,2454
RADISH,yes,1
RAISINS,no,5428
RAISINS,yes,4
RASPBERRIES,no,2726
RASPBERRIES,yes,1
RAWHIDE CHEWS,no,2000
RAZORS AND BLADES,no,5118
RAZORS AND BLADES,yes,8
RBR SYRNGS HOT WTR BTLS,no,106
READING GLASSES,no,18
READING GLASSES ACCESSORIES,no,12
RECHARABLE BATTERIES,no,16
RECHARABLE BATTERIES,yes,2
RED,no,1987
RED,yes,2
REFRIG DIPS,no,11633
REFRIG DIPS,yes,7
REFRIG PIZZA&INGRED  N/MEAT DE,no,332
REFRIGERATED BAGELS,no,5940
REFRIGERATED BAGELS,yes,3
REFRIGERATED BISCUITS REGULAR,no,22311
REFRIGERATED BISCUITS REGULAR,yes,11
REFRIGERATED COFFEE CREAMERS,no,37414
REFRIGERATED COFFEE CREAMERS,yes,39
REFRIGERATED COOKIES-BREAK N B,no,5911
REFRIGERATED COOKIES-BREAK N B,yes,3
REFRIGERATED COOKIES-CHUB,no,9047
REFRIGERATED COOKIES-CHUB,yes,4
REFRIGERATED COOKIES-SEASONAL,no,1462
REFRIGERATED ENGLISH MUFFINS,no,816
REFRIGERATED KOSHER PRODUCTS,no,24
REFRIGERATED MEXICAN PRODUCTS,no,5459
REFRIGERATED MEXICAN PRODUCTS,yes,1
REFRIGERATED PASTA,no,1871
REFRIGERATED PASTA,yes,1
REFRIGERATED PASTA SAUCE,no,632
REFRIGERATED PICKLES,no,313
REFRIGERATED PUDDING,no,13930
REFRIGERATED PUDDING,yes,32
REFRIGERATED SPECILATY ROLLS,no,23093
REFRIGERATED SPECILATY ROLLS,yes,46
REGULAR BEAN,no,166
REGULAR GARDEN,no,18083
REGULAR GARDEN,yes,8
RELISHES,no,1059
RELISHES,yes,5
REPTILE NEEDS,no,10
REVLON,no,1571
REVLON,yes,1
REVLON FRAGRANCES,no,4
RHAPSODY,no,117
RIB,no,45
RIB - SPARE RIB/BACK RIB,no,120
RIB - STK/CHP/SLC,no,447
RIB - WHL/HALF,no,3
RIBS,no,5785
RIBS,yes,10
RIBS - COUNTRY/WESTERN STYLE,no,1020
RIBS - SPARE RIB/BACK RIB,no,354
RICE - INSTANT & MICROWAVE,no,1715
RICE - INSTANT & MICROWAVE,yes,4
RICE BEVERAGE,no,48
RICE SIDE DISH MIXES DRY,no,19504
RICE SIDE DISH MIXES DRY,yes,24
RICOTTA CHEESE,no,2251
RICOTTA CHEESE,yes,1
RIGID GAS PERMEABLE,no,218
RINSE AIDS AND ACCESSORIES,no,170
RINSE AIDS AND ACCESSORIES,yes,6
RIPE OLIVES,no,224
RIPE OLIVES,yes,1
ROLL-ON DEODORANTS,no,138
ROLLS - FLAVORED/OTHER,no,3015
ROLLS - FLAVORED/OTHER,yes,5
ROLLS - PORK,no,14084
ROLLS - PORK,yes,13
ROLLS: BAGELS,no,3
ROLLS: SANDWICH,no,659
ROLLS: SANDWICH,yes,1
ROMA TOMATOES (BULK/PKG),no,6354
ROMA TOMATOES (BULK/PKG),yes,2
ROSE ARRANGEMENTS,no,57
ROSE BOUQUET,no,378
ROSE CONSUMER BUNCH,no,1358
ROSES BULK,no,9
ROUND/LEG,no,60
ROUND/LEG - ROAST,no,21
ROUND/LEG - STK/CHP/SLC,no,129
RTS SOUP: CHUNKY/HOMESTYLE ET,no,12880
RTS SOUP: CHUNKY/HOMESTYLE ET,yes,8
RW FRESH PROCESSED MEAT,no,18
RX MEDICATED OTC DRUGS,no,6
SAL: DESSERTS-PREPACK,no,4
SAL:SALSA/DPS-PRPCK,no,870
SALAD BAR FRESH FRUIT,no,17313
SALAD BAR FRESH FRUIT,yes,6
SALAD BAR OTHER,no,14
SALAD DRESSING MIXES,no,52
SALAD MUSTARD,no,1394
SALAD MUSTARD,yes,2
SALAD SPINACH,no,5031
SALAD SPINACH,yes,2
SALADS,no,825
SALLY HANSEN,no,694
SALMON,no,145
SANDWICH BAGS,no,1005
SANDWICH BUNS,no,195
SANDWICH COOKIES,no,455
SANDWICH COOKIES,yes,1
SANDWICHES&HANDHELDS,no,45784
SANDWICHES&HANDHELDS,yes,43
SANDWICHES-OTHER,no,739
SANDWICHES-OTHER,yes,2
SANDWICHES/BISCUITS/GRAVY,no,2990
SANDWICHES/BISCUITS/GRAVY,yes,3
SAUCE MIXES GRAVY MIXES DRY,no,309
SAUCES,no,20
SAUCES/MARINADES,no,135
SAUERKRAUT,no,2767
SAUERKRAUT,yes,2
SAUSAGE,no,812
SBT,no,91
SCHOOL PAPER,no,51
SCOOP LITTER,no,4024
SCOOP LITTER,yes,5
SCOURING PADS & CLOTH,no,412
SEAFOOD-FRE-CATFISH,no,724
SEAFOOD-FRE-LIVE SHLFSH-OTHER,no,586
SEAFOOD-FRE-LIVE SHLFSH-OTHER,yes,1
SEAFOOD-FRE-MISC,no,651
SEAFOOD-FRE-MISC,yes,1
SEAFOOD-FRE-NON RW-ALL,no,2848
SEAFOOD-FRE-NON RW-ALL,yes,2
SEAFOOD-FRE-OYSTERS-RAW,no,24
SEAFOOD-FRE-RAW FINFISH-OTHER,no,2429
SEAFOOD-FRE-RAW FINFISH-OTHER,yes,3
SEAFOOD-FRE-SALMON,no,1506
SEAFOOD-FRE-SALMON,yes,2
SEAFOOD-FRE-SHRIMP,no,113
SEAFOOD-FRE-SMOKED,no,8
SEAFOOD-FRZ-BRD SHRIMP,no,2009
SEAFOOD-FRZ-BRD WHOLE FILLETS,no,258
SEAFOOD-FRZ-BRD-OTHER,no,66
SEAFOOD-FRZ-GRILLED PORTIONS,no,3
SEAFOOD-FRZ-IQF COOKED SHRIMP,no,2765
SEAFOOD-FRZ-IQF COOKED SHRIMP,yes,1
SEAFOOD-FRZ-IQF RAW SHRIMP EXA,no,451
SEAFOOD-FRZ-IQF RAW SHRIMP EXA,yes,1
SEAFOOD-FRZ-IQF RAW SHRIMP RW,no,3324
SEAFOOD-FRZ-IQF RAW SHRIMP RW,yes,1
SEAFOOD-FRZ-MISC,no,1689
SEAFOOD-FRZ-MISC,yes,2
SEAFOOD-FRZ-RAW FILLETS,no,7586
SEAFOOD-FRZ-RAW FILLETS,yes,3
SEAFOOD-FRZ-RAW SHLFSH-OTHER,no,780
SEAFOOD-FRZ-RW-ALL,no,1526
SEAFOOD-FRZ-RW-ALL,yes,3
SEAFOOD-MISC-BREADERS/BTR MIX,no,957
SEAFOOD-MISC-BREADERS/BTR MIX,yes,1
SEAFOOD-MISC-MISC,no,8
SEAFOOD-MISC-RW-ALL,no,5
SEAFOOD-MISC-SAUCES/MARIN-DRY,no,101
SEAFOOD-MISC-SAUCES/MARIN-DRY,yes,1
SEAFOOD-MISC-SAUCES/MARIN-WET,no,1467
SEAFOOD-MISC-SAUCES/MARIN-WET,yes,1
SEAFOOD-MISC-SPICES,no,100
SEASONAL,no,13
SEASONAL CANDY BAGS NON-CHOCOL,no,1
SEASONAL CANDY BAGS-CHOCOLATE,no,36
SEASONAL OTHER,no,82
SEASONED,no,18
SEASONED BEEF,no,321
SEASONED PORK,no,1317
SEASONED POULTRY,no,916
SEASONED POULTRY,yes,2
SELECT 6-9 STEMS,no,237
SELECT BEEF,no,10143
SELECT BEEF,yes,12
SEMI MOIST CAT FOOD: BOX,no,2
SEMI MOIST DOG FOOD,no,116
SEMI-SOLID SALAD DRESSING MAY,no,14157
SEMI-SOLID SALAD DRESSING MAY,yes,14
SFT DRNK 2 LITER BTL CARB INCL,no,30817
SFT DRNK 2 LITER BTL CARB INCL,yes,12
SGL SV/VEND MACH SNACKS CHIP/P,no,2059
SHAMPOO,no,32412
SHAMPOO,yes,35
SHAVE CREAMS AND POWDERS,no,4172
SHAVE CREAMS AND POWDERS,yes,6
SHAVERS: MENS  WOMENS,no,16
SHEA,no,2
SHLDR - BUTT,no,129
SHLDR - PICNIC,no,15
SHLDR - STK/CHP/SLC,no,618
SHREDDED CHEESE,no,91780
SHREDDED CHEESE,yes,47
SIDE DISHES,no,33
SINCLAIR AND VALENTINE,no,14
SINGLE STEMS,no,1029
SINGLE USE CAMERAS,no,1145
SINUS AND ALLERGY,no,2954
SINUS AND ALLERGY,yes,1
SINUS/ALLERGY - DXM,no,3
SINUS/ALLERGY - PSE,no,1254
SINUS/ALLERGY(AGE RESTRICTED),no,127
SKILLET DINNERS,no,3833
SKILLET DINNERS,yes,3
SKIRT,no,21
SLEEPING AIDS,no,480
SMALL ANIMAL NEEDS,no,484
SMOKED CHOPS BONE-IN,no,224
SMOKED CHOPS BONE-IN,yes,1
SMOKED CHOPS BONELESS,no,102
SMOKED OFFAL,no,1589
SMOKED PICNICS,no,60
SMOKED/COOKED,no,24868
SMOKED/COOKED,yes,35
SMOKED/COOKED - BEEF,no,3781
SMOKED/COOKED - BETTER FOR YOU,no,2556
SMOKED/COOKED - BETTER FOR YOU,yes,1
SMOKING CESSATION,no,168
SNACK CRACKERS,no,1977
SNACK CRACKERS,yes,8
SNACK MEAT,no,565
SNACK MIX,no,34
SNACK NUT(BAG),no,62
SNACKS/APPETIZERS,no,53725
SNACKS/APPETIZERS,yes,41
SOFT DRINK BOTTLE NON-CARB (EX,no,635
SOFT DRINK CANISTERS,no,1534
SOFT DRINK CANISTERS,yes,1
SOFT DRINK POWDER POUCHES,no,1965
SOFT DRINKS 12/18&15PK CAN CAR,no,41041
SOFT DRINKS 12/18&15PK CAN CAR,yes,46
SOFT DRINKS CAN NON-CARB (EXCE,no,902
SOFT DRINKS CAN NON-CARB (EXCE,yes,2
SOFT LENS - CHEMICAL,no,758
SOFT LENS - CHEMICAL,yes,1
SOFT LENS - NON CHEMICAL,no,583
SOFT LENS - NON CHEMICAL,yes,2
SOIL & STAIN REMOVER,no,103
SOIL & STAIN REMOVER,yes,2
SOLID/STK DEODORANTS,no,8549
SOLID/STK DEODORANTS,yes,15
SOUP CRACKERS (SALTINE/OYSTER),no,2896
SOUP CRACKERS (SALTINE/OYSTER),yes,3
SOUP/STEW,no,4679
SOUP/STEW,yes,7
SOUPS,no,1308
SOUR CREAMS,no,26784
SOUR CREAMS,yes,22
SOY BEVERAGE,no,227
SOY/RICE MILK,no,1167
SOY/RICE MILK,yes,1
SPAGHETTI DRY,no,12756
SPAGHETTI DRY,yes,12
SPECIALTY CAKE,no,116
SPECIALTY CHIPS (SOY CRISPS/PI,no,35
SPECIALTY COOKIES,no,1614
SPECIALTY COOKIES,yes,3
SPECIALTY CRACKERS,no,451
SPECIALTY CRACKERS,yes,1
SPECIALTY LAUNDRY,no,682
SPECIALTY WILD BIRD/SUET,no,152
SPICES & SEASONINGS,no,495
SPICES/SEASONING,no,147
SPINACH & GREENS,no,136
SPINACH BULK,no,1265
SPINACH BULK,yes,1
SPLINTS/DOSAGE/ACCESSORIES,no,2
SPONGES: BATH HOUSEHOLD,no,1068
SPORTS NUTRITION,no,32
SPRING WATER,no,38232
SQUASH OTHER,no,2
SQUASH ZUCCHINI,no,3981
SQUASH ZUCCHINI,yes,7
SS ECONOMY ENTREES/DINNERS ALL,no,60480
SS ECONOMY ENTREES/DINNERS ALL,yes,40
STANDARD 10-15 STEMS,no,250
STANDARD ANNUALS (OUTDOOR),no,183
STANDARD FLOWERING PLANTS,no,368
STANDARD FOLIAGE PLANTS,no,179
STANDARD HARDY MUMS (OUTDOOR),no,9
STANDARD MUMS,no,92
STANDARD OATMEAL,no,548
STANDARD POINSETTIA,no,12
STANDARD SHRUBS,no,33
STEAK & WORCHESTER SAUCE,no,262
STICKS/ENROBED,no,11819
STICKS/ENROBED,yes,7
STIMULANTS,no,160
STIR FRY/STRIPS/FAJITAS,no,1230
STRAWBERRIES,no,22346
STRAWBERRIES,yes,9
STRING CHEESE,no,10295
STRING CHEESE,yes,10
STUFFED/MIXED BEEF,no,1174
STUFFED/MIXED BEEF,yes,2
STUFFED/MIXED PORK,no,444
STUFFED/MIXED POULTRY,no,87
SUGAR,no,4079
SUGAR,yes,2
SUNBURN AFTERSUN PRODUCTS,no,90
SUNGLASSES JUNIORS,no,2
SUNGLASSES SOLARGENICS,no,6
SUNGLASSES SPORT,no,10
SUNGLASSES YOUNG MENS,no,20
SUNLESS PRODUCTS,no,142
SUNTAN PROD W/SPF LOTION/OIL,no,620
SUNTAN PROD W/SPF LOTION/OIL,yes,1
SUNTAN PRODUCTS W/O SPF,no,54
SUPER PREMIUM PINTS,no,6951
SUPER PREMIUM PINTS,yes,6
SUSHI - IN STORE PREPARED,no,2
SWEETENERS,no,841
SWEETENERS,yes,1
TANGERINES & TANGELOS,no,1466
TAPE,no,16
TAPE & MAILING PRODUCTS,no,289
TEA BAGS & BULK TEA,no,4870
TEA BAGS & BULK TEA,yes,2
TEA BAGS & BULK TEA (SUPPLEMEN,no,65
TEA BAGS HERBAL & FLAVORED,no,2909
TEA BAGS HERBAL & FLAVORED,yes,6
TEA CAN WITH SWEETENER/SUGAR,no,420
TEA SWEETENED,no,107
THERMAL ANALGESICS,no,32
THERMOMETERS PROBE COVERS,no,156
THERMOMETERS PROBE COVERS,yes,2
THIGHS,no,9
THIGHS (IQF),no,543
THIN MEATS,no,192
TICKETS,no,1
TOASTER PASTRIES,no,2602
TOILET BOWL AUTOMATIC,no,73
TOILET BOWL MANUAL,no,576
TOILET BOWL MANUAL,yes,2
TOILET TISSUE,no,5672
TOILET TISSUE,yes,39
TOMATO JUICE (OVER 50% JCE),no,933
TOMATO PASTE,no,21
TOMATO PUREE & ASPIC,no,2
TOMATO SAUCE,no,347
TOMATOES CHERRY,no,2178
TOMATOES CHERRY,yes,3
TOMATOES COCKTAIL,no,1341
TOMATOES GRAPE,no,7592
TOMATOES GRAPE,yes,4
TOMATOES HOT HOUSE BULK,no,1603
TOMATOES HOTHOUSE ON THE VINE,no,12741
TOMATOES HOTHOUSE ON THE VINE,yes,6
TOMATOES VINE RIPE BULK,no,11085
TOMATOES VINE RIPE BULK,yes,3
TOMATOES VINE RIPE PKG,no,4660
TOMATOES VINE RIPE PKG,yes,2
TOMATOES WHOLE,no,244
TOMATOES-OTHER,no,150
TOMATOES: STEWED/DICED/CRMD,no,5606
TOMATOES: STEWED/DICED/CRMD,yes,4
TOOLS - BATHROOM & TOILET,no,46
TOOTHPASTE,no,18783
TOOTHPASTE,yes,18
TORTILLA CHIPS,no,278
TORTILLA/NACHO CHIPS,no,13144
TORTILLA/NACHO CHIPS,yes,13
TRADITIONAL,no,23814
TRADITIONAL,yes,9
TRAIL MIXES,no,34
TRAVEL AIDS,no,2
TRAY PACK/CHOC CHIP COOKIES,no,4144
TRAY PACK/CHOC CHIP COOKIES,yes,5
TREATED CLEANING CLOTHS,no,58
TREES,no,3
TREES/SHRUBS,no,6
TROPICAL FRUIT - OTHER,no,428
TROPICAL FRUIT - OTHER,yes,4
TROPICAL SHOW PLANTS (10IN&UP),no,6
TROPICALS,no,6
TRUESCENTS/BAIN DELUXE,no,10
TULIPS,no,153
TUNA,no,800
TUNA,yes,2
TURKEY BREAST BONE IN,no,750
TURKEY BREAST BONELESS,no,916
TURKEY BREAST BONELESS,yes,1
TURKEY DRUMS,no,369
TURKEY GRND/PTTY,no,18
TURKEY HALVES/QUARTERS,no,131
TURKEY HALVES/QUARTERS,yes,1
TURKEY PARTS SMOKED,no,132
TURKEY THIGHS,no,42
TURKEY WINGS,no,264
VAC PAC NUTS(CANS),no,1004
VAC PAC NUTS(CANS),yes,4
VALUE,no,59
VANILLA WAFER/KIDS COOKIES,no,686
VAPORIZERS,no,270
VARIETY BEANS - KIDNEY PINTO,no,1617
VARIETY BEANS - KIDNEY PINTO,yes,1
VARIETY LETTUCE,no,11565
VARIETY LETTUCE,yes,9
VARIETY MEAT - CUBE/STW/STRP,no,573
VARIETY MEAT - EXTERNAL,no,339
VARIETY MEAT - INTERNAL,no,609
VARIETY PACK,no,3428
VARIETY PACK,yes,1
VASES&CONTAINERS,no,131
VASES&CONTAINERS,yes,1
VEG JUICE (EXCEPT TOMATO) (50%,no,54
VEG JUICE (EXCEPT TOMATO) (OVE,no,866
VEG JUICE (EXCEPT TOMATO) (OVE,yes,2
VEGETABLE,no,21
VEGETABLE PARTY TRAY,no,678
VEGETABLE SALADS - PREPACK,no,814
VEGETABLE SALADS - PREPACK,yes,1
VEGETABLE SEEDS,no,9
VEGETABLE/SALAD OIL,no,3602
VEGETABLE/SALAD OIL,yes,1
VEGETABLES ALL OTHER,no,5143
VEGETABLES ALL OTHER,yes,5
VEGETARIAN MEATS,no,32
VINEGAR WINE/RICE,no,63
VITAMIN - ADULT ONLY SUPPLEMEN,no,20
VITAMIN - CHILDREN,no,896
VITAMIN - CHILDREN,yes,4
VITAMIN - HERBAL SUPPLEMENTS,no,647
VITAMIN - HERBAL SUPPLEMENTS,yes,1
VITAMIN - INDIVIDUAL,no,1311
VITAMIN - INDIVIDUAL,yes,2
VITAMIN - MINERALS,no,893
VITAMIN - MINERALS,yes,1
VITAMIN - MULTIPLE COMBIN,no,1898
VITAMIN - MULTIPLE COMBIN,yes,3
VITAMIN - NON HERBAL SUPPLEMEN,no,1018
VITAMIN - NON HERBAL SUPPLEMEN,yes,3
VITAMIN MISC,no,10
WAFFLES/PANCAKES/FRENCH TOAST,no,33873
WAFFLES/PANCAKES/FRENCH TOAST,yes,42
WALNUTS SHELLED,no,574
WALNUTS SHELLED,yes,2
WATER FILTER,no,23
WATER ICE,no,7805
WATER ICE,yes,1
WATER SOULABLE FERTILIZERS,no,6
WATER-SUPPLIES,no,2
WATERMELON PERSONAL,no,112
WATERMELON SEEDLESS WHOLE,no,4226
WATERMELON W/SEEDS WHOLE,no,276
WEATHERIZATION,no,96
WET N WILD,no,158
WHITENING SYSTEMS,no,452
WHITENING SYSTEMS,yes,2
WHOLE - HENS (15 LBS & UNDER F,no,442
WHOLE - TOM (16 LBS & OVER FRS,no,60
WHOLE - TOM (16 LBS & OVER FRZ,no,156
WHOLE CHICKEN (ROASTERS/FRYER),no,4917
WHOLE CHICKEN (ROASTERS/FRYER),yes,4
WHOLE HEN (OVER 15LBS),no,77
WHOLE HEN (UNDER 15LBS),no,159
WHOLE HENS (UNDER 15LBS),no,823
WHOLE TOMS (OVER 15LBS),no,464
WHOLE/CUTUP,no,66
WILD BIRD SEED,no,490
WINGS,no,5
WINGS (IQF),no,4658
WINGS (IQF),yes,1
WOMEN S GENERAL-MAGAZINE,no,42
WOMENS  HAIR SPRAYS,no,5120
WREATHS,no,29
WRITING INSTRUMENTS,no,197
YARDLEY,no,4
YEAST: DRY,no,31
YELLOW SUMMER SQUASH,no,968
YELLOW SUMMER SQUASH,yes,4
YOGURT,no,1
YOGURT MULTI-PACKS,no,28871
YOGURT MULTI-PACKS,yes,31
YOGURT NOT MULTI-PACKS,no,136949
YOGURT NOT MULTI-PACKS,yes,122
